﻿{"data":[{"Properties":{"domain":"SUPPORT.HTB","name":"MANAGEMENT.SUPPORT.HTB","distinguishedname":"CN=MANAGEMENT,CN=COMPUTERS,DC=SUPPORT,DC=HTB","domainsid":"S-1-5-21-1677581083-3380853377-188903654","highvalue":false,"samaccountname":"MANAGEMENT$","haslaps":false,"description":null,"whencreated":1658384360,"enabled":true,"unconstraineddelegation":false,"trustedtoauth":false,"lastlogon":1658851316,"lastlogontimestamp":1658409560,"pwdlastset":1658409560,"serviceprincipalnames":["WSMAN/Management","WSMAN/Management.support.htb","RestrictedKrbHost/MANAGEMENT","HOST/MANAGEMENT","RestrictedKrbHost/Management.support.htb","HOST/Management.support.htb"],"operatingsystem":"Windows 10 Pro","sidhistory":[]},"PrimaryGroupSID":"S-1-5-21-1677581083-3380853377-188903654-515","AllowedToDelegate":[],"AllowedToAct":[],"HasSIDHistory":[],"Sessions":{"Results":[],"Collected":false,"FailureReason":null},"PrivilegedSessions":{"Results":[],"Collected":false,"FailureReason":null},"RegistrySessions":{"Results":[],"Collected":false,"FailureReason":null},"LocalAdmins":{"Results":[],"Collected":false,"FailureReason":null},"RemoteDesktopUsers":{"Results":[],"Collected":false,"FailureReason":null},"DcomUsers":{"Results":[],"Collected":false,"FailureReason":null},"PSRemoteUsers":{"Results":[],"Collected":false,"FailureReason":null},"Status":null,"Aces":[{"PrincipalSID":"S-1-5-21-1677581083-3380853377-188903654-512","PrincipalType":"Group","RightName":"Owns","IsInherited":false},{"PrincipalSID":"SUPPORT.HTB-S-1-5-32-548","PrincipalType":"Group","RightName":"GenericAll","IsInherited":false},{"PrincipalSID":"S-1-5-21-1677581083-3380853377-188903654-512","PrincipalType":"Group","RightName":"GenericAll","IsInherited":false},{"PrincipalSID":"S-1-5-21-1677581083-3380853377-188903654-526","PrincipalType":"Group","RightName":"AddKeyCredentialLink","IsInherited":true},{"PrincipalSID":"S-1-5-21-1677581083-3380853377-188903654-527","PrincipalType":"Group","RightName":"AddKeyCredentialLink","IsInherited":true},{"PrincipalSID":"S-1-5-21-1677581083-3380853377-188903654-519","PrincipalType":"Group","RightName":"GenericAll","IsInherited":true},{"PrincipalSID":"SUPPORT.HTB-S-1-5-32-544","PrincipalType":"Group","RightName":"WriteDacl","IsInherited":true},{"PrincipalSID":"SUPPORT.HTB-S-1-5-32-544","PrincipalType":"Group","RightName":"WriteOwner","IsInherited":true},{"PrincipalSID":"SUPPORT.HTB-S-1-5-32-544","PrincipalType":"Group","RightName":"GenericWrite","IsInherited":true}],"ObjectIdentifier":"S-1-5-21-1677581083-3380853377-188903654-2601","IsDeleted":false,"IsACLProtected":false},{"Properties":{"domain":"SUPPORT.HTB","name":"DC.SUPPORT.HTB","distinguishedname":"CN=DC,OU=DOMAIN CONTROLLERS,DC=SUPPORT,DC=HTB","domainsid":"S-1-5-21-1677581083-3380853377-188903654","highvalue":false,"samaccountname":"DC$","haslaps":false,"description":null,"whencreated":1653710623,"enabled":true,"unconstraineddelegation":true,"trustedtoauth":false,"lastlogon":1665551632,"lastlogontimestamp":1665551615,"pwdlastset":1665551603,"serviceprincipalnames":["Dfsr-12F9A27C-BF97-4787-9364-D31B6C55EB04/dc.support.htb","ldap/dc.support.htb/ForestDnsZones.support.htb","ldap/dc.support.htb/DomainDnsZones.support.htb","DNS/dc.support.htb","GC/dc.support.htb/support.htb","RestrictedKrbHost/dc.support.htb","RestrictedKrbHost/DC","RPC/290156e5-22cb-4f1b-9b96-5516d84c363c._msdcs.support.htb","HOST/DC/SUPPORT","HOST/dc.support.htb/SUPPORT","HOST/DC","HOST/dc.support.htb","HOST/dc.support.htb/support.htb","E3514235-4B06-11D1-AB04-00C04FC2DCD2/290156e5-22cb-4f1b-9b96-5516d84c363c/support.htb","ldap/DC/SUPPORT","ldap/290156e5-22cb-4f1b-9b96-5516d84c363c._msdcs.support.htb","ldap/dc.support.htb/SUPPORT","ldap/DC","ldap/dc.support.htb","ldap/dc.support.htb/support.htb"],"operatingsystem":"Windows Server 2022 Standard","sidhistory":[]},"PrimaryGroupSID":"S-1-5-21-1677581083-3380853377-188903654-516","AllowedToDelegate":[],"AllowedToAct":[{"ObjectIdentifier":"S-1-5-21-1677581083-3380853377-188903654-5102","ObjectType":"Computer"}],"HasSIDHistory":[],"Sessions":{"Results":[],"Collected":false,"FailureReason":"ERROR_ACCESS_DENIED"},"PrivilegedSessions":{"Results":[],"Collected":false,"FailureReason":null},"RegistrySessions":{"Results":[],"Collected":false,"FailureReason":null},"LocalAdmins":{"Results":[{"ObjectIdentifier":"S-1-5-21-1677581083-3380853377-188903654-500","ObjectType":"User"},{"ObjectIdentifier":"S-1-5-21-1677581083-3380853377-188903654-519","ObjectType":"Group"},{"ObjectIdentifier":"S-1-5-21-1677581083-3380853377-188903654-512","ObjectType":"Group"}],"Collected":true,"FailureReason":null},"RemoteDesktopUsers":{"Results":[],"Collected":true,"FailureReason":null},"DcomUsers":{"Results":[],"Collected":true,"FailureReason":null},"PSRemoteUsers":{"Results":[{"ObjectIdentifier":"S-1-5-21-1677581083-3380853377-188903654-1105","ObjectType":"User"}],"Collected":true,"FailureReason":null},"Status":null,"Aces":[{"PrincipalSID":"S-1-5-21-1677581083-3380853377-188903654-512","PrincipalType":"Group","RightName":"Owns","IsInherited":false},{"PrincipalSID":"S-1-5-21-1677581083-3380853377-188903654-512","PrincipalType":"Group","RightName":"GenericAll","IsInherited":false},{"PrincipalSID":"S-1-5-21-1677581083-3380853377-188903654-1103","PrincipalType":"Group","RightName":"GenericAll","IsInherited":false},{"PrincipalSID":"S-1-5-21-1677581083-3380853377-188903654-526","PrincipalType":"Group","RightName":"AddKeyCredentialLink","IsInherited":true},{"PrincipalSID":"S-1-5-21-1677581083-3380853377-188903654-527","PrincipalType":"Group","RightName":"AddKeyCredentialLink","IsInherited":true},{"PrincipalSID":"S-1-5-21-1677581083-3380853377-188903654-519","PrincipalType":"Group","RightName":"GenericAll","IsInherited":true},{"PrincipalSID":"SUPPORT.HTB-S-1-5-32-544","PrincipalType":"Group","RightName":"WriteDacl","IsInherited":true},{"PrincipalSID":"SUPPORT.HTB-S-1-5-32-544","PrincipalType":"Group","RightName":"WriteOwner","IsInherited":true},{"PrincipalSID":"SUPPORT.HTB-S-1-5-32-544","PrincipalType":"Group","RightName":"GenericWrite","IsInherited":true}],"ObjectIdentifier":"S-1-5-21-1677581083-3380853377-188903654-1000","IsDeleted":false,"IsACLProtected":false},{"Properties":{"domain":"SUPPORT.HTB","name":"ROOTME.SUPPORT.HTB","distinguishedname":"CN=ROOTME,CN=COMPUTERS,DC=SUPPORT,DC=HTB","domainsid":"S-1-5-21-1677581083-3380853377-188903654","highvalue":false,"samaccountname":"RootMe$","haslaps":false,"description":null,"whencreated":1665532636,"enabled":true,"unconstraineddelegation":false,"trustedtoauth":false,"lastlogon":1665563673,"lastlogontimestamp":1665558046,"pwdlastset":1665557836,"serviceprincipalnames":["RestrictedKrbHost/RootMe","HOST/RootMe","RestrictedKrbHost/RootMe.support.htb","HOST/RootMe.support.htb"],"operatingsystem":null,"sidhistory":[]},"PrimaryGroupSID":"S-1-5-21-1677581083-3380853377-188903654-515","AllowedToDelegate":[],"AllowedToAct":[],"HasSIDHistory":[],"Sessions":{"Results":[],"Collected":false,"FailureReason":null},"PrivilegedSessions":{"Results":[],"Collected":false,"FailureReason":null},"RegistrySessions":{"Results":[],"Collected":false,"FailureReason":null},"LocalAdmins":{"Results":[],"Collected":false,"FailureReason":null},"RemoteDesktopUsers":{"Results":[],"Collected":false,"FailureReason":null},"DcomUsers":{"Results":[],"Collected":false,"FailureReason":null},"PSRemoteUsers":{"Results":[],"Collected":false,"FailureReason":null},"Status":null,"Aces":[{"PrincipalSID":"S-1-5-21-1677581083-3380853377-188903654-512","PrincipalType":"Group","RightName":"Owns","IsInherited":false},{"PrincipalSID":"SUPPORT.HTB-S-1-5-32-548","PrincipalType":"Group","RightName":"GenericAll","IsInherited":false},{"PrincipalSID":"S-1-5-21-1677581083-3380853377-188903654-512","PrincipalType":"Group","RightName":"GenericAll","IsInherited":false},{"PrincipalSID":"S-1-5-21-1677581083-3380853377-188903654-1105","PrincipalType":"User","RightName":"WriteAccountRestrictions","IsInherited":false},{"PrincipalSID":"S-1-5-21-1677581083-3380853377-188903654-526","PrincipalType":"Group","RightName":"AddKeyCredentialLink","IsInherited":true},{"PrincipalSID":"S-1-5-21-1677581083-3380853377-188903654-527","PrincipalType":"Group","RightName":"AddKeyCredentialLink","IsInherited":true},{"PrincipalSID":"S-1-5-21-1677581083-3380853377-188903654-519","PrincipalType":"Group","RightName":"GenericAll","IsInherited":true},{"PrincipalSID":"SUPPORT.HTB-S-1-5-32-544","PrincipalType":"Group","RightName":"WriteDacl","IsInherited":true},{"PrincipalSID":"SUPPORT.HTB-S-1-5-32-544","PrincipalType":"Group","RightName":"WriteOwner","IsInherited":true},{"PrincipalSID":"SUPPORT.HTB-S-1-5-32-544","PrincipalType":"Group","RightName":"GenericWrite","IsInherited":true}],"ObjectIdentifier":"S-1-5-21-1677581083-3380853377-188903654-5101","IsDeleted":false,"IsACLProtected":false},{"Properties":{"domain":"SUPPORT.HTB","name":"MEINS.SUPPORT.HTB","distinguishedname":"CN=MEINS,CN=COMPUTERS,DC=SUPPORT,DC=HTB","domainsid":"S-1-5-21-1677581083-3380853377-188903654","highvalue":false,"samaccountname":"Meins$","haslaps":false,"description":null,"whencreated":1665538769,"enabled":true,"unconstraineddelegation":false,"trustedtoauth":false,"lastlogon":1665564511,"lastlogontimestamp":1665564511,"pwdlastset":1665563969,"serviceprincipalnames":["RestrictedKrbHost/Meins","HOST/Meins","RestrictedKrbHost/Meins.support.htb","HOST/Meins.support.htb"],"operatingsystem":null,"sidhistory":[]},"PrimaryGroupSID":"S-1-5-21-1677581083-3380853377-188903654-515","AllowedToDelegate":[],"AllowedToAct":[],"HasSIDHistory":[],"Sessions":{"Results":[],"Collected":false,"FailureReason":null},"PrivilegedSessions":{"Results":[],"Collected":false,"FailureReason":null},"RegistrySessions":{"Results":[],"Collected":false,"FailureReason":null},"LocalAdmins":{"Results":[],"Collected":false,"FailureReason":null},"RemoteDesktopUsers":{"Results":[],"Collected":false,"FailureReason":null},"DcomUsers":{"Results":[],"Collected":false,"FailureReason":null},"PSRemoteUsers":{"Results":[],"Collected":false,"FailureReason":null},"Status":null,"Aces":[{"PrincipalSID":"S-1-5-21-1677581083-3380853377-188903654-512","PrincipalType":"Group","RightName":"Owns","IsInherited":false},{"PrincipalSID":"SUPPORT.HTB-S-1-5-32-548","PrincipalType":"Group","RightName":"GenericAll","IsInherited":false},{"PrincipalSID":"S-1-5-21-1677581083-3380853377-188903654-512","PrincipalType":"Group","RightName":"GenericAll","IsInherited":false},{"PrincipalSID":"S-1-5-21-1677581083-3380853377-188903654-1105","PrincipalType":"User","RightName":"WriteAccountRestrictions","IsInherited":false},{"PrincipalSID":"S-1-5-21-1677581083-3380853377-188903654-526","PrincipalType":"Group","RightName":"AddKeyCredentialLink","IsInherited":true},{"PrincipalSID":"S-1-5-21-1677581083-3380853377-188903654-527","PrincipalType":"Group","RightName":"AddKeyCredentialLink","IsInherited":true},{"PrincipalSID":"S-1-5-21-1677581083-3380853377-188903654-519","PrincipalType":"Group","RightName":"GenericAll","IsInherited":true},{"PrincipalSID":"SUPPORT.HTB-S-1-5-32-544","PrincipalType":"Group","RightName":"WriteDacl","IsInherited":true},{"PrincipalSID":"SUPPORT.HTB-S-1-5-32-544","PrincipalType":"Group","RightName":"WriteOwner","IsInherited":true},{"PrincipalSID":"SUPPORT.HTB-S-1-5-32-544","PrincipalType":"Group","RightName":"GenericWrite","IsInherited":true}],"ObjectIdentifier":"S-1-5-21-1677581083-3380853377-188903654-5102","IsDeleted":false,"IsACLProtected":false}],"meta":{"methods":29675,"type":"computers","count":4,"version":5}}