﻿{"data":[{"GPOChanges":{"LocalAdmins":[],"RemoteDesktopUsers":[],"DcomUsers":[],"PSRemoteUsers":[],"AffectedComputers":[]},"Properties":{"domain":"SUPPORT.HTB","name":"DOMAIN CONTROLLERS@SUPPORT.HTB","distinguishedname":"OU=DOMAIN CONTROLLERS,DC=SUPPORT,DC=HTB","domainsid":"S-1-5-21-1677581083-3380853377-188903654","highvalue":false,"description":"Default container for domain controllers","whencreated":1653710515,"blocksinheritance":false},"Links":[{"IsEnforced":false,"GUID":"7FDFC447-ADE5-4075-A37E-DDF85850C703"}],"ChildObjects":[{"ObjectIdentifier":"S-1-5-21-1677581083-3380853377-188903654-1000","ObjectType":"Computer"}],"Aces":[{"PrincipalSID":"S-1-5-21-1677581083-3380853377-188903654-512","PrincipalType":"Group","RightName":"Owns","IsInherited":false},{"PrincipalSID":"S-1-5-21-1677581083-3380853377-188903654-512","PrincipalType":"Group","RightName":"WriteDacl","IsInherited":false},{"PrincipalSID":"S-1-5-21-1677581083-3380853377-188903654-512","PrincipalType":"Group","RightName":"WriteOwner","IsInherited":false},{"PrincipalSID":"S-1-5-21-1677581083-3380853377-188903654-519","PrincipalType":"Group","RightName":"GenericAll","IsInherited":true},{"PrincipalSID":"SUPPORT.HTB-S-1-5-32-544","PrincipalType":"Group","RightName":"WriteDacl","IsInherited":true},{"PrincipalSID":"SUPPORT.HTB-S-1-5-32-544","PrincipalType":"Group","RightName":"WriteOwner","IsInherited":true}],"ObjectIdentifier":"4987FCAD-9C12-4084-8382-029B2806EF1A","IsDeleted":false,"IsACLProtected":false}],"meta":{"methods":29675,"type":"ous","count":1,"version":5}}